{
    "externalState": {
        "Unassigned": "Unassigned",
        "Sin asignar": "Unassigned",
        "Assigned": "Assigned",
        "Asignado": "Assigned",
        "Resuelto": "Resolved",
        "Resolved": "Resolved",
        "Pendiente": "Pending",
        "Pending": "Pending",
        "En curso": "In Progress",
        "In Progress": "In Progress"
    },
    "issueType": {
        "Incident": "Incident",
        "Incidencia": "Incident",
        "WorkOrder": "WorkOrder",
        "Orden de trabajo": "WorkOrder"
    },
    "severity": {
        "Low": "Low",
        "Baja": "Low",
        "Media": "Medium",
        "Medium": "Medium",
        "Alta": "High",
        "High": "High",
        "Crítica": "Critical",
        "Critical": "Critical"
    },
    "specialFlag": {
        "true": "ON",
        "false": "OFF"
    }
}